DATE,CONNET_CBN,AAO,AO,DMI,MEIv2,NAO,ONI,PDO,SOI,TNA,TSA,WHWP,WP
1/1/1980,14.502197,-0.612,0.265,0.353,0.64,0.68,0.81,0.93,-0.2,0.15,0.63,0.31,1.83
2/1/1980,13.731947,0.551,-1.066,-0.154,0.39,0.42,0.54,1.24,-0.6,-0.02,0.66,-0.01,0.3
3/1/1980,14.401227,-0.219,-0.197,-0.313,0.27,-0.58,0.14,1.42,1.1,0.27,0.77,0.77,0.53
4/1/1980,14.578346,-0.077,-0.561,-0.128,-0.13,-1.42,-0.31,0.94,0.2,0.38,0.59,-0.04,-0.2
5/1/1980,15.235063,-0.749,-0.846,-0.513,-0.59,0.64,-0.88,1.2,1.5,0.29,0.71,0.15,-0.15
6/1/1980,16.325729,-1.055,0.06,-0.272,-1.35,1.19,-1.3,0.74,0.1,0.34,0.73,-0.3,-0.25
7/1/1980,18.566893,0.576,-0.143,-0.15,-1.77,-0.32,-1.3,0.64,1.7,0.27,0.46,-0.39,-1.47
8/1/1980,20.437826,-0.745,0.255,-0.289,-1.82,-0.07,-1.11,0.19,2.5,0.03,0.5,-0.98,0.78
9/1/1980,21.019838,-0.689,1.039,-0.394,-1.8,-0.82,-1.19,-0.37,3,0.06,0.3,-1.86,-0.83
10/1/1980,20.650026,-2.314,0.032,-0.525,-1.53,-0.66,-1.48,-0.1,2.3,-0.2,0.37,-2.31,-0.56
11/1/1980,20.003412,0.401,-0.035,-0.183,-1.65,-0.49,-1.8,-0.02,2.8,-0.23,0.14,-1.69,-0.96
12/1/1980,17.707771,1.074,1.679,0.156,-1.56,0.48,-1.85,-0.43,2,-0.23,0.19,-0.2,-0.67
1/1/1981,14.895021,0.618,3.106,-0.281,-1.15,0.85,-1.69,-0.95,2.5,-0.42,0.41,-0.17,1.26
2/1/1981,13.623681,0.849,3.279,-0.045,-1.14,1.82,-1.43,-1.02,2,-0.48,0.23,-0.3,0.53
3/1/1981,13.25419,0.632,1.53,-0.319,-1.26,1.54,-1.08,-0.83,1.8,-0.66,0.35,-0.91,-1.98
4/1/1981,13.789858,-0.573,-0.25,-0.48,-1.09,0.16,-0.83,-0.32,2.7,-0.89,0.29,-1.9,-0.28
5/1/1981,15.454542,2.691,0.889,-0.594,-0.98,1.33,-0.58,0.47,2,-0.66,0.33,-1.29,0.36
6/1/1981,15.856561,1.995,0.345,-0.78,-1.04,0.03,-0.4,0.36,1.2,-0.17,0.31,-1.84,-0.62
7/1/1981,17.455988,1.458,0.866,-0.447,-1.11,1,-0.31,0.83,1.5,0.25,0.26,-1.33,0.89
8/1/1981,18.377773,-0.132,0.551,-0.321,-0.74,-0.11,-0.27,0.09,-0.5,0.39,0.39,-0.96,2.52
9/1/1981,19.486753,-0.121,0.703,-0.225,-0.6,2.15,-0.24,0.05,0.8,0.06,0.21,-2.1,0.44
10/1/1981,19.30615,0.136,0.991,-0.412,-0.59,0.48,-0.22,-0.12,1.3,0.12,0.28,-0.8,1.5
11/1/1981,20.125608,0.572,0.034,-0.338,-0.35,0.03,-0.16,-0.5,-0.4,-0.04,-0.06,-0.5,-0.47
12/1/1981,18.952894,-0.445,-0.644,-0.167,-0.14,-1.15,-0.05,-0.21,-0.9,0.22,-0.25,0.03,-1.98
1/1/1982,14.583294,-0.352,1.001,-0.099,0.13,0.7,0.14,-0.3,-0.1,-0.08,-0.34,-0.13,1.37
2/1/1982,14.10105,1.151,3.402,-0.289,0.4,1.16,0.21,-0.65,-3,-0.1,0.13,-0.12,0.24
3/1/1982,13.549294,0.414,2.99,-0.143,0.47,1.13,0.28,-0.62,-0.7,-0.04,0.32,-0.31,-0.13
4/1/1982,14.204083,-1.879,1.879,-0.385,0.12,2.03,0.29,0.27,0.3,0.06,0.35,0.66,-0.84
5/1/1982,14.75004,-1.803,0.943,-0.348,0.07,-1.37,0.29,0.44,2,0.13,-0.06,0.49,0.17
6/1/1982,16.665983,0.093,0.304,-0.568,0.15,0.29,0.31,0.44,0.5,-0.02,0.08,0.87,0.77
7/1/1982,18.268147,-1.215,-0.296,-0.246,0.27,0.56,0.33,0.27,0.9,0.06,-0.11,0.62,0.42
8/1/1982,19.07439,0.466,-0.18,-0.392,0.11,1.12,0.38,0.11,-0.3,0.3,-0.13,0.44,0.59
9/1/1982,21.235477,1.482,-0.21,-0.183,0.26,1.18,0.39,0.38,-1.2,0.4,-0.07,2.84,0.68
10/1/1982,21.730169,0.139,0.66,-0.345,-0.06,0.76,0.35,-0.69,0.4,0.41,0.1,2.67,0.11
11/1/1982,21.943981,-0.359,0.521,-0.094,0.07,-0.39,0.4,-1.69,-0.8,0.33,0.17,0.73,0.59
12/1/1982,18.798647,-0.312,1.277,0.003,0.26,0.11,0.41,-2.23,-0.4,0.17,0.22,0.03,0.61
1/1/1983,15.03441,0.869,0.723,0.065,0.13,0.49,0.41,-2.02,1,-0.14,0.12,-0.03,-1.3
2/1/1983,13.83947,-0.852,-0.876,-0.097,0.04,0.74,0.26,-1.19,0.4,-0.11,0.06,-0.03,-0.78
3/1/1983,13.689717,0.522,-0.527,-0.037,0.21,-0.61,0.22,-0.74,-1.1,-0.22,0.14,0.44,1.83
4/1/1983,13.776511,-0.639,0.53,0.289,0.49,0.17,0.26,-1.01,-1,-0.39,0.31,0.96,0.7
5/1/1983,15.622031,-0.539,0.486,0.379,0.74,0.12,0.45,-0.51,-1.7,-0.42,0.49,0.72,0.56
6/1/1983,17.240458,-1.155,-0.115,0.263,1.07,-0.52,0.64,-1.47,-0.2,-0.43,0.44,1.49,0.63
7/1/1983,18.122202,-1.22,-0.188,0.27,0.85,-0.46,0.73,-0.1,0,-0.39,0.05,0.89,-1.73
8/1/1983,20.559887,0.036,0.797,0.058,0.41,1.46,0.64,0.36,-0.7,-0.29,-0.33,-0.46,-1.15
9/1/1983,20.535969,-0.513,-0.112,0.099,0.65,0.61,0.62,0.65,-2.5,-0.14,-0.36,-0.69,-0.58
10/1/1983,20.754297,-0.623,-0.252,-0.03,1.17,0.3,0.79,0.49,-1.7,-0.11,-0.36,-1.36,-0.32
11/1/1983,20.885767,-0.804,0.285,0.04,1.14,0.37,1.21,0.42,-1.1,-0.15,-0.34,-1.78,-0.94
12/1/1983,18.690893,-2.067,1.613,0.084,1.23,0.34,1.53,0.09,-2.9,-0.18,-0.08,-0.29,0.29
1/1/1984,15.779288,0.073,0.55,-0.321,1.63,-0.66,1.71,0.05,-4.7,0,-0.27,-0.04,0.35
2/1/1984,13.850981,-1.627,1.122,-0.389,1.51,0.77,1.63,0.31,-1.5,0.04,-0.26,0.1,-0.81
3/1/1984,14.151983,-1.01,0.984,-0.671,1.69,0.51,1.48,0.67,-3.3,-0.18,-0.4,0.55,1.12
4/1/1984,14.091043,-0.439,-0.52,-0.553,2,1.88,1.29,0.75,-1.7,-0.29,-0.57,2.72,-0.62
5/1/1984,15.150714,-2.032,1.341,-0.549,1.71,2.49,1.06,1.54,0.4,-0.18,-0.66,1.98,-0.21
6/1/1984,15.90432,-2.193,-0.302,-0.861,1.66,0.51,0.73,1.26,-1,-0.11,-0.8,0.96,-0.17
7/1/1984,17.500013,-0.566,0.191,-0.479,0.82,0.19,0.37,1.9,-1,-0.01,-0.6,0.74,1.17
8/1/1984,18.29821,-0.35,0.535,-0.768,0.13,0.97,0.09,1.44,0.6,-0.23,-0.66,-1.3,1.19
9/1/1984,17.890835,0.435,-0.64,-0.833,0.56,-0.28,-0.13,0.83,0.1,-0.21,-0.56,-0.53,-1.02
10/1/1984,19.287632,-0.319,-0.366,-0.627,0.95,-1.4,-0.25,0.93,-2.3,-0.06,-0.52,0.54,0.81
11/1/1984,20.811855,0.122,0.717,-0.399,0.84,1.12,-0.28,0.93,-1.1,-0.3,-0.79,-0.42,1.26
12/1/1984,18.00692,0.244,1.627,-0.317,0.77,0.35,-0.13,0.53,-0.9,-0.23,-0.36,0.08,0.08
1/1/1985,15.010478,-2.021,3.495,-0.196,0.91,1.35,0.09,0.05,-1.5,-0.25,-0.25,-0.14,-0.22
2/1/1985,13.890594,0.437,0.184,0.035,1,0.12,0.3,0.19,-1.2,-0.25,-0.13,0.03,0.24
3/1/1985,13.490891,-0.378,0.764,-0.295,0.85,0.3,0.5,0.76,-0.8,-0.23,-0.09,0.21,-0.48
4/1/1985,14.32682,0.087,-0.435,-0.181,1.05,0.91,0.67,1.21,-1.9,-0.07,0.2,2.19,-1.67
5/1/1985,14.985958,1.26,-1.607,-0.027,1.4,-0.67,0.7,2.13,-0.6,-0.04,0.03,2.13,0.96
6/1/1985,17.260893,1.218,-0.519,-0.108,1.11,-0.29,0.57,2.34,-1.4,0.07,-0.03,0.94,0.04
7/1/1985,17.770214,1.957,-0.511,-0.152,0.73,-3.14,0.32,2.35,-1.3,-0.17,0.05,0.47,-0.31
8/1/1985,18.120613,1.083,-0.393,-0.305,0.57,0.03,0.25,2.69,-1.6,-0.11,0.04,-0.42,0.52
9/1/1985,19.361164,1.061,-0.361,-0.17,0.63,-0.41,0.15,1.56,-1.2,-0.12,0.44,0.19,-0.44
10/1/1985,21.15844,0.748,-0.565,-0.156,0.93,-0.26,0.1,1.41,-1.8,-0.13,0.69,0.56,1.14
11/1/1985,21.496817,0.324,1.002,-0.149,0.72,2.56,0.04,1.24,-0.1,-0.34,0.75,-0.54,0.83
12/1/1985,18.776712,1.028,-0.104,-0.206,0.27,1.36,0.06,1.07,0.3,-0.41,0.5,0.11,0.89
1/1/1986,15.004483,0.723,-0.288,0.025,0.06,0.7,0.06,1.21,-0.2,-0.59,0.32,-0.13,0.47
2/1/1986,14.199771,1.157,-0.862,-0.146,-0.09,0.08,0.07,0.59,0.4,-0.61,0.12,-0.22,-1.16
3/1/1986,14.073357,0.693,1.881,0.202,-0.02,0.92,0.17,0.8,-1.1,-0.6,0.24,-0.26,-0.22
4/1/1986,14.315639,-0.052,0.225,0.351,0.19,1.1,0.31,1.05,-2.1,-0.46,0.18,0.54,-0.14
5/1/1986,15.267153,-0.153,-0.115,0.544,0.17,-0.48,0.42,1.23,-1.1,-0.5,0.11,0.22,1.08
6/1/1986,17.294935,-1.682,1.606,0.433,0.4,1.84,0.41,0.46,-0.7,-0.43,-0.18,0.94,0.48
7/1/1986,18.948542,-0.492,0.351,0.557,0.93,1.34,0.44,0.06,-2.2,-0.39,-0.26,0.94,1.11
8/1/1986,19.329315,1.91,0.828,0.811,0.86,0.36,0.43,-0.79,-2,-0.29,-0.17,-0.59,2.59
9/1/1986,20.126188,-0.947,-0.084,0.529,1.03,-1.14,0.55,-1.36,-2.6,-0.24,-0.15,0.25,-0.93
10/1/1986,21.760462,-0.578,0.174,0.707,1.52,-0.54,0.74,-1.32,-1.9,-0.08,-0.05,0.79,0.46
11/1/1986,21.938375,-0.793,1.779,0.287,0.93,0.54,1.01,-1.96,-0.9,-0.03,0.08,-0.29,0.77
12/1/1986,18.212719,0.933,0.894,0.263,0.8,1.78,1.09,-1.79,-2,-0.13,0.2,0.27,0.27
1/1/1987,15.649961,1.448,-0.154,0.14,0.75,0.57,0.96,-0.49,-0.7,-0.05,0.4,0.04,-0.18
2/1/1987,14.266692,0.533,1.429,0.164,0.53,0.85,0.72,0.46,-0.2,-0.04,0.61,0.08,-2.05
3/1/1987,14.061017,-0.154,0.393,-0.05,0.21,0.91,0.53,0.75,1.2,-0.05,0.74,-0.1,-1.04
4/1/1987,15.130593,0.649,-0.963,-0.221,0.34,-1.07,0.3,0.83,-1.1,0.11,0.61,0.48,0.72
5/1/1987,15.515027,1.397,-0.891,-0.251,0.39,-1.33,0.14,1.46,-0.6,0.3,0.59,0.16,0.91
6/1/1987,17.090588,-0.802,-0.112,-0.078,-0.08,0.44,-0.03,1.27,0.2,0.48,0.64,1.58,-1.32
7/1/1987,18.893038,-3.01,-0.217,-0.169,-0.27,-0.19,-0.24,1.71,0.7,0.58,0.35,2.71,0.83
8/1/1987,20.001722,-0.696,0.544,-0.144,-0.59,0.76,-0.54,0.21,0.5,0.59,-0.07,3.02,-0.74
9/1/1987,18.725971,1.173,-0.549,-0.18,-0.78,0.45,-0.81,1.16,0.4,0.4,-0.04,1.63,0.05
10/1/1987,20.282139,-0.057,0.075,-0.367,-0.57,0.72,-0.97,0.47,0,0.37,-0.05,1.96,-0.42
11/1/1987,20.432234,0.143,-0.723,-0.294,-0.62,-1.59,-1,-0.28,0.1,0.51,0.12,0.79,-1.76
12/1/1987,17.750858,1.47,-2.127,0.09,-0.85,-1.64,-0.98,0.16,-0.8,0.47,0,-0.03,-1.72
1/1/1988,15.666928,0.332,-1.2,-0.021,-0.78,-0.65,-0.9,0.59,1.6,0.74,0.18,-0.17,-0.92
2/1/1988,14.097447,-0.525,0.163,-0.033,-0.71,-0.52,-0.75,0.75,0.4,0.4,0.43,-0.25,0.07
3/1/1988,14.381783,0.543,-1.483,-0.085,-0.63,-0.66,-0.59,1.01,1.9,0.22,0.47,-0.41,-0.3
4/1/1988,15.02063,0.115,-1.525,-0.369,-0.78,-0.33,-0.39,1.46,1.3,0.31,0.65,-0.51,-2.12
5/1/1988,15.168434,0.983,-0.226,-0.266,-0.93,-0.93,-0.31,2.18,0.5,0.36,0.77,-0.27,-1.46
6/1/1988,17.502054,-0.252,0.497,-0.394,-0.7,0.87,-0.3,1.1,1.9,0.18,0.87,-0.23,-0.09
7/1/1988,18.488096,0.021,0.715,-0.643,-0.59,0.7,-0.27,0.77,1.1,0.12,0.66,-1.23,1.66
8/1/1988,20.259819,-1.502,0.125,-0.681,-0.5,1.19,-0.32,-0.14,1.2,-0.03,0.35,-2.14,-1.18
9/1/1988,20.742403,-1.314,-1.14,-0.712,-0.18,-0.69,-0.35,0.24,1,0.15,0.13,0.88,-1.41
10/1/1988,21.215721,0.966,0.182,-1.108,-0.29,0.15,-0.4,-0.33,1,0.08,0.12,-0.37,-0.78
11/1/1988,21.118656,-1.667,0.136,-0.797,-0.18,-0.72,-0.45,0.09,-0.1,0.03,0.12,-1.63,0.26
12/1/1988,18.090927,-0.023,-1.721,-0.413,-0.46,-1.4,-0.49,-0.03,1.5,0.14,-0.06,-0.14,0.6
1/1/1989,14.623053,0.369,-0.457,-0.11,-0.83,-1.08,-0.5,0.23,0.8,0.31,-0.22,-0.17,-2.31
2/1/1989,13.761963,-0.244,1.889,0.079,-0.89,1.48,-0.36,0.28,2.9,0.34,-0.34,-0.21,-0.24
3/1/1989,13.774503,0.701,1.091,0.043,-0.41,1.13,-0.1,0.65,-0.7,0.15,-0.47,0.19,-0.16
4/1/1989,14.561699,-0.458,0.324,0.054,0.39,-1.25,0.28,1.05,-1,0.27,-0.5,0.67,-1.04
5/1/1989,15.446929,1.028,-0.961,0.025,1.15,-0.21,0.75,1.83,-2.2,0.43,-0.54,2.16,1.21
6/1/1989,16.901646,-0.458,-0.815,0.082,2.35,-1.17,1.22,2.76,-2.3,0.54,-0.67,3.77,-0.67
7/1/1989,19.735168,0.78,-0.431,0.447,2.07,0.37,1.6,2.35,-1.2,0.34,-0.27,4.75,0.4
8/1/1989,19.681112,0.768,0.121,0.634,2.27,0.94,1.9,2.79,-2.4,0.16,-0.09,5.05,-0.34
9/1/1989,21.306936,0.122,0.195,0.771,2.16,0.74,2.14,2.19,-2.4,0.26,0.21,6.13,0.38
10/1/1989,21.512054,-0.595,-0.7,0.873,1.93,-1.34,2.33,1.61,-2.4,0.59,0.69,6.07,-2.15
11/1/1989,19.912222,-1.905,-0.661,1.279,1.95,-1.08,2.4,1.12,-2,0.58,0.79,4.73,1.84
12/1/1989,18.461666,-0.835,-0.071,0.863,2,-0.98,2.39,0.67,-1.6,0.44,1.03,3.32,0.91
1/1/1990,15.124545,0.413,-2.081,0.525,2.24,-0.05,2.24,0.83,-4.4,0.43,0.72,3.57,0.06
2/1/1990,15.094985,0.39,-0.183,0.422,2.43,-0.57,1.93,1.56,-3.4,0.77,0.74,4.93,0.67
3/1/1990,14.537729,0.736,-0.254,-0.055,2.26,0.51,1.44,2.01,-4,0.75,0.69,5.43,1.04
4/1/1990,15.6419,1.927,-0.038,0.047,2.25,-0.88,0.99,1.27,-2.4,0.59,0.54,4.8,2.32
5/1/1990,16.601648,-0.038,0.429,0.14,1.72,-1.17,0.45,0.7,0.4,0.59,0.54,4.46,1.88
6/1/1990,16.769476,1.031,-0.711,0.147,-0.25,-2.44,-0.13,0.4,1.6,0.66,0.66,5.33,-0.34
7/1/1990,18.899923,1.45,-0.212,-0.385,-1.53,-0.45,-0.78,-0.04,2,0.56,0.85,6.02,-0.4
8/1/1990,20.087025,0.904,0.65,-0.58,-1.79,-0.15,-1.12,-0.22,1.9,0.67,0.59,5.82,-0.02
9/1/1990,21.915241,-0.122,-1.05,-0.496,-1.39,-1.8,-1.31,-1.21,1.7,0.51,0.41,3.35,1.81
10/1/1990,20.218216,0.4,0.294,-0.743,-1.19,0.2,-1.35,-1.39,1.8,0.49,0.21,3.32,1.32
11/1/1990,19.576248,0.817,-1.449,-0.653,-1.27,-0.43,-1.48,-0.52,1.7,0.43,0.32,1.56,0.34
12/1/1990,18.28446,1.435,1.353,-0.336,-1.2,0.72,-1.57,-0.44,2.3,0.29,0.11,-0.04,0.6
1/1/1991,14.122952,0.999,0.11,-0.13,-1.17,0.39,-1.55,-0.32,3,-0.1,0.13,-0.17,0.08
2/1/1991,13.907231,0.456,0.482,-0.038,-1.11,-0.11,-1.3,-0.66,1.6,-0.2,0.05,-0.23,1.51
3/1/1991,14.098946,0.18,-1.492,0.102,-1.04,-0.16,-1.07,-0.33,2.1,-0.23,0.33,-0.24,1.19
4/1/1991,13.832559,0.949,0.284,-0.002,-1.2,-1.18,-0.98,-0.41,2.3,-0.13,0.45,-0.5,1.3
5/1/1991,14.678852,1.639,0.226,-0.186,-1.42,0.9,-1.02,-0.68,0.4,0.11,0.53,-0.83,-0.3
6/1/1991,17.410696,-1.325,0.707,-0.145,-1.26,1.44,-1.04,-1.3,0.4,0.15,0.49,0.71,0.32
7/1/1991,19.61586,0.316,-0.002,0.112,-1.21,-0.87,-1.1,-0.66,0.9,0.17,0.64,-0.08,0.26
8/1/1991,20.392357,0.042,-0.672,0.023,-1.12,0.38,-1.11,-0.96,0.6,0.34,0.55,3.09,1.12
9/1/1991,21.447187,-0.012,0.059,-0.05,-1.16,0.5,-1.16,-1.53,-0.1,0.38,0.24,1.45,0.6
10/1/1991,23.450575,1.653,-0.006,-0.19,-1.33,0.73,-1.26,-2.23,1.6,0.25,0.28,0.21,-0.45
11/1/1991,21.374247,0.901,0.611,-0.116,-1.36,0.55,-1.46,-2.05,1.7,0.13,0.33,-0.08,1.91
12/1/1991,18.92602,1.784,1.043,-0.148,-1.4,1.4,-1.65,-1.63,2.4,0.27,0.36,-0.21,-1.12
1/1/1992,15.21325,1.273,1.27,-0.125,-1.22,0.19,-1.66,-2,1.1,-0.18,0.21,-0.17,-0.21
2/1/1992,13.936105,0.62,1.076,-0.009,-1.24,1.48,-1.41,-0.83,2.7,-0.1,0.39,-0.3,-0.41
3/1/1992,13.179352,0.133,-0.451,0.14,-1.38,0.4,-1.07,0.29,2.2,0.06,0.4,-0.8,0.01
4/1/1992,14.195406,0.233,-0.279,0.141,-1.03,-0.18,-0.81,0.35,2,-0.01,0.37,-0.04,-1.3
5/1/1992,16.53163,1.127,0.969,0.113,-1.17,1.52,-0.71,-0.05,0.6,-0.06,0.29,-0.31,-1.46
6/1/1992,17.943155,0.117,0.586,-0.022,-1.12,0.28,-0.64,-0.44,-0.3,-0.16,0.2,-1.11,0.57
7/1/1992,19.705812,0.059,-0.649,0.077,-0.55,-1,-0.55,-0.66,-0.3,0.01,0.15,-0.66,1.07
8/1/1992,21.178774,-0.674,0.144,0.131,-0.17,-0.5,-0.51,-1.19,1.2,0.15,0.2,1.09,-0.86
9/1/1992,21.889465,-1.853,0.395,-0.096,-0.34,-0.06,-0.55,-1.24,1.4,0.02,0.02,1.16,0.52
10/1/1992,21.263376,0.347,0.317,-0.142,-0.5,1.51,-0.63,-1.3,1.8,0,0.1,0.96,1.14
11/1/1992,20.904346,-1.537,-1.582,-0.306,-0.77,-1.1,-0.75,-0.53,3,-0.12,0.07,0.65,-0.23
12/1/1992,18.021633,-1.29,-2.354,-0.248,-0.75,-0.63,-0.74,0.52,1.3,-0.19,-0.01,0.03,-0.68
1/1/1993,15.187328,-0.471,-0.959,-0.431,-0.81,-0.22,-0.68,0.6,1.6,-0.13,0.16,-0.17,0.42
2/1/1993,13.769656,-0.265,-0.622,-0.017,-0.82,0.07,-0.52,0.29,2.8,-0.15,0.17,-0.24,1.57
3/1/1993,14.025109,-0.555,-1.687,-0.01,-0.75,-1.73,-0.44,0.45,1.5,0.15,0.29,-0.44,-1.05
4/1/1993,15.034134,0.515,0.906,0.136,-0.74,-0.15,-0.34,-0.31,0.3,0.05,0.38,0.12,1.1
5/1/1993,15.494021,-0.262,0.452,0.137,-0.78,0.03,-0.25,-0.3,-0.8,0.06,0.47,-0.68,-1.16
6/1/1993,17.243771,0.386,-0.015,0.127,-0.57,0.11,-0.12,-0.47,0.5,0.24,0.36,0.51,0.41
7/1/1993,18.656515,-0.928,-0.031,-0.14,-0.02,-0.22,-0.08,-1.31,-0.3,0.3,0.15,0.57,-0.32
8/1/1993,19.774895,0.91,0.52,-0.301,0.23,-0.22,-0.13,-0.77,-0.7,0.34,0.14,2.95,-0.27
9/1/1993,21.449429,1.161,-0.707,-0.223,-0.09,-0.49,-0.19,-1.37,0.3,0.51,0.11,3.09,2.28
10/1/1993,21.071239,1.277,0.708,-0.451,-0.28,0.25,-0.29,-1.37,-0.1,0.48,0.2,2.07,-0.58
11/1/1993,20.754642,0.996,0.819,-0.245,-0.36,0.53,-0.35,-1.26,1.1,0.62,0.16,1.89,0.79
12/1/1993,18.733831,1.474,-1.322,-0.051,-0.07,-0.86,-0.31,-0.93,-1.4,0.66,0.01,-0.01,-0.35
1/1/1994,16.04855,0.747,1.381,-0.142,-0.07,0,-0.15,0.27,0.7,0.78,0.14,-0.13,-0.04
2/1/1994,14.547714,1.334,1.304,-0.098,-0.41,0.8,0.03,-0.64,1.8,0.53,-0.06,-0.14,0.87
3/1/1994,14.523193,-1.823,0.902,0.008,-0.26,0.32,0.09,-0.43,-0.4,0.37,0.29,0.06,0.73
4/1/1994,14.699768,0.165,0.748,-0.352,-0.36,1.14,0.2,-0.32,-0.1,-0.02,0.31,0.81,0.21
5/1/1994,15.37953,-2.798,0.401,-0.329,-0.06,-0.15,0.43,-0.63,-1.4,-0.19,0.49,0.47,-0.79
6/1/1994,18.04484,-1.112,0.573,-0.19,0.42,0.69,0.65,-0.35,-0.4,-0.13,0.33,-0.36,-0.72
7/1/1994,18.29422,-0.591,0.328,-0.26,0.39,0.65,0.79,-0.31,-0.8,-0.06,0.47,0.71,-1.06
8/1/1994,20.229794,-0.099,-0.229,-0.208,0.81,0.36,0.86,0.6,-1.6,-0.05,0.01,0.68,-1.64
9/1/1994,20.263868,-0.864,-0.043,0.286,0.74,-0.54,1.01,0.43,-1,0.07,-0.08,1.77,0.79
10/1/1994,21.946949,-2.564,-1.488,0.405,0.72,-1.97,1.21,0.42,-0.6,0.36,0.14,3.03,-2.12
11/1/1994,22.099585,-0.924,-1.425,0.096,0.72,-0.32,1.31,1.51,-0.7,0.22,-0.07,1.15,-1.51
12/1/1994,18.512875,1.308,-1.592,-0.158,0.79,-0.96,1.14,2.1,-1.8,0.2,0.35,0.01,0.54
1/1/1995,16.221573,-0.988,-0.472,-0.239,0.7,-0.32,0.92,2.09,-0.3,0.27,0.56,-0.03,-0.14
2/1/1995,14.464956,-0.357,0.128,0.017,0.56,0.26,0.63,1.75,-1.1,0,0.57,0.02,0.17
3/1/1995,14.52761,-0.188,0.933,-0.039,0.57,-0.07,0.38,1.51,-0.5,0.04,0.63,1.21,-1.01
4/1/1995,15.431709,0.224,-0.178,-0.099,-0.04,-0.34,-0.04,1.18,-0.2,0,0.42,0.46,1.58
5/1/1995,15.087928,0.385,1.017,-0.164,-0.51,0.06,-0.26,0.89,-0.5,0.06,0.37,-0.09,0.03
6/1/1995,17.785751,-0.775,-0.102,0.139,-0.22,0.24,-0.16,0.68,-1,0.22,0.1,1.43,0.76
7/1/1995,20.534201,0.727,0.075,0.131,-0.07,0.16,0.08,0.96,0.5,0.36,0.4,1.99,-1.94
8/1/1995,21.392593,0.678,-0.28,0.108,-0.04,-0.22,0.21,0.88,0.2,0.59,0.49,4.58,-0.9
9/1/1995,20.231567,-0.323,0.467,-0.061,0.14,0.16,0.26,0.01,-0.2,0.66,0.49,3.74,-2.17
10/1/1995,21.700472,-0.025,-0.67,-0.243,0.3,-0.86,0.29,0.83,0,0.8,0.53,4.71,-0.42
11/1/1995,22.012293,-0.712,0.642,-0.159,0.36,0.77,0.35,0.52,-0.5,0.48,0.55,2.91,0.69
12/1/1995,18.561152,-1.323,0.265,0.189,0.18,0.5,0.35,0.33,1.8,0.49,0.56,0,0.8
1/1/1996,16.1492,0.807,-1.686,0.044,0.12,-0.85,0.37,0.43,-2.2,0.5,0.41,-0.14,-1.58
2/1/1996,14.466204,-1.182,-1.528,0.114,-0.15,-0.6,0.31,0.48,2,0.51,0.22,-0.19,0.6
3/1/1996,13.931316,0.432,0.318,0.077,-0.5,0.67,0.23,0.61,0.7,0.36,-0.01,-0.34,0.13
4/1/1996,14.835973,0.151,-0.409,-0.08,-0.29,1.11,0.17,0.57,-1.5,0.46,-0.26,0.63,0.49
5/1/1996,16.76955,0.46,-0.094,-0.565,-0.38,0.23,0.17,0.88,1.7,0.17,-0.12,0.31,0.4
6/1/1996,17.130447,1.195,-0.236,-0.384,-0.05,-0.59,0.28,0.04,-1.4,0.27,-0.08,1.14,2.08
7/1/1996,18.531834,1.474,-0.201,-0.301,0.37,1.16,0.47,0.44,-0.8,0.46,0.08,2.18,0.34
8/1/1996,19.212029,-0.071,-0.72,-0.132,0.69,-0.74,0.64,0.85,-0.5,0.68,0.22,4.44,-0.03
9/1/1996,20.860678,0.254,0.855,-0.106,0.51,0.52,0.7,0.75,-0.6,0.59,0.33,3.67,0.26
10/1/1996,21.73559,-0.042,-0.515,-0.004,0.3,-0.69,0.67,-0.11,-0.1,0.62,0.14,3.16,0.89
11/1/1996,22.327021,-0.242,0.678,-0.153,0.44,0.63,0.66,-0.63,-1.1,0.63,0.24,2.7,0.65
12/1/1996,18.316113,-0.973,1.23,-0.132,0.49,1.03,0.69,-0.17,-1.3,0.53,0.43,0.07,0.2
1/1/1997,15.696349,-0.129,0.356,-0.124,0.1,1.26,0.64,0.44,0.6,0.46,0.61,-0.06,-0.93
2/1/1997,14.103966,1.243,-1.271,-0.56,0.56,-0.51,0.58,0.81,-5.2,0.38,0.49,-0.22,0.34
3/1/1997,14.045579,0.158,-1.348,-0.432,0.75,-2.32,0.45,1.36,0.5,0.68,0.61,0.36,-0.22
4/1/1997,15.517386,0.355,-0.046,0.084,0.13,-0.47,0.43,1.03,-1,0.81,0.29,1.4,-0.18
5/1/1997,16.283892,-0.297,-0.763,-0.033,0.14,-1.11,0.29,1.86,-1.3,1.01,-0.06,3.11,-0.08
6/1/1997,17.997877,-1.428,-0.383,-0.176,0.14,0.26,0.11,1.17,0.7,0.92,-0.26,4.42,0.79
7/1/1997,19.672392,-0.252,-0.03,-0.384,-0.08,-0.48,-0.06,0.66,0.3,0.84,-0.32,5.84,-1.2
8/1/1997,20.315876,0.228,0.026,-0.345,-0.03,0.35,-0.14,0.25,-0.6,0.74,0.01,4.9,0.35
9/1/1997,20.69968,0.241,0.802,-0.534,-0.08,0.76,-0.11,-0.46,0.6,0.73,-0.09,4.4,0.57
10/1/1997,22.340321,0.031,0.03,-0.436,-0.8,-0.55,-0.29,-1.32,2,0.54,0,2.45,1
11/1/1997,20.991158,-0.551,0.228,-0.272,-0.8,-0.46,-0.57,-1.5,-0.3,0.4,-0.07,1.48,-1.84
12/1/1997,18.931103,-1.968,-2.104,-0.3,-0.72,-0.5,-0.84,0.2,0,0.55,-0.02,-0.25,-2.04
1/1/1998,14.831651,0.339,-0.171,-0.135,-0.67,0.97,-0.85,1.03,2.7,0.41,0.04,-0.17,0.71
2/1/1998,13.975387,-0.211,-0.156,-0.305,-0.5,-1.02,-0.77,0.66,0.2,0.19,0.23,-0.3,2.06
3/1/1998,13.60804,0.501,-1.604,-0.226,-0.58,-1.75,-0.57,0.05,2.9,0.18,0.41,-0.52,0.49
4/1/1998,13.903613,-0.169,0.138,-0.015,-0.77,1.2,-0.37,0.4,1.8,0.41,0.31,-0.07,0.56
5/1/1998,15.337912,1.695,0.156,-0.207,-0.3,-1.01,-0.14,0.48,-0.8,0.43,0.24,0.45,0.19
6/1/1998,18.174074,0.438,1.071,-0.059,-0.06,1.15,-0.03,1.04,-0.4,0.52,0.41,0.95,-1.15
7/1/1998,18.317308,0.926,0.103,0.04,0.15,0.93,0.1,0.35,-1,0.36,0.3,2.14,-1
8/1/1998,19.467596,-1.727,-0.265,0.229,0.57,-2.35,0.3,-0.65,-1.7,0.53,0.33,4.29,-0.16
9/1/1998,21.536928,-0.324,0.607,0.428,0.63,-1.43,0.54,-0.94,-1,0.69,0.27,4.92,0.05
10/1/1998,22.044085,0.879,-1.029,0.577,0.62,-1.92,0.77,-0.05,-2.1,0.74,0.23,5.22,0.67
11/1/1998,21.999231,0.101,0.521,0.501,0.83,0.33,0.94,-0.22,0.1,0.71,0.08,3.18,-1.84
12/1/1998,18.917891,0.638,2.282,0.172,0.56,1.15,0.94,0.14,-0.5,0.47,0.32,0.06,1.18
1/1/1999,15.354192,-0.083,2.034,0.224,0.61,-0.25,0.66,0.01,-1.3,0.46,0.24,-0.04,1.81
2/1/1999,14.447328,0.075,-1.307,0.15,0.46,-0.98,0.22,0.04,-0.1,0.56,0.21,0,0.15
3/1/1999,13.677953,-0.57,1.182,0.116,-0.13,1.11,-0.12,-0.36,0.3,0.33,0.04,-0.29,-1.06
4/1/1999,14.487014,-1.035,0.544,0.1,-0.47,0.04,-0.32,0.16,-0.2,0.4,0.24,0.45,-1.61
5/1/1999,15.706867,-0.612,0.894,0.27,-0.65,0.66,-0.38,-0.1,-0.2,0.21,0.28,0.04,-0.66
6/1/1999,17.861031,-1.198,-0.555,0.03,-0.98,-1.01,-0.47,0.09,0.9,0.16,0.43,0.19,-0.17
7/1/1999,18.978436,-2.631,-0.397,0.045,-0.65,-0.55,-0.56,0.78,-0.5,0.09,0.23,1.63,-0.09
8/1/1999,19.731327,-0.108,-0.034,0.236,-0.9,-0.31,-0.81,0.5,0.7,0.01,0.15,1.52,0.02
9/1/1999,21.190243,0.031,0.179,0.235,-1.15,0.85,-1.07,-0.36,0.3,0.11,0.27,1.63,1.2
10/1/1999,22.13303,-0.434,0.384,0.068,-1.19,1,-1.34,-1.45,1.2,0.24,0.11,1.4,0.4
11/1/1999,21.824165,-0.984,-0.519,-0.023,-1.19,0.48,-1.5,-1.08,1.4,0.24,0.1,0.47,-0.04
12/1/1999,19.63377,1.929,0.821,-0.227,-1.27,0.23,-1.6,-0.58,2.7,0.09,0.2,-0.16,0.37
1/1/2000,16.110527,1.208,0.819,0.115,-1.12,0.53,-1.64,-1,2.9,0.14,0.19,-0.17,0.92
2/1/2000,13.92605,1.147,0.938,-0.072,-1.24,0.38,-1.52,-0.77,4.4,0.18,0.36,-0.28,0.01
3/1/2000,14.368023,0.587,0.586,0.097,-1.57,-0.32,-1.29,-0.71,2.4,0.27,0.6,-0.53,-1.35
4/1/2000,14.910624,-0.873,-0.455,-0.153,-1.27,-1.31,-1.01,-1.52,1.1,0.09,0.64,0.17,0.28
5/1/2000,16.09289,-0.49,-1.205,0.178,-0.96,-1.55,-0.84,-1.37,-0.1,0.28,0.82,-0.31,-0.66
6/1/2000,17.955965,1.348,-0.09,0.215,-0.81,-1.09,-0.61,-1.34,1,0.39,0.7,-0.02,-0.36
7/1/2000,19.622663,0.32,-0.48,0.246,-0.94,-1.24,-0.37,-1.67,0.5,0.45,0.66,0.99,0.02
8/1/2000,21.49122,0.087,-0.081,0.124,-0.99,-1.62,-0.23,-1.7,1.7,0.45,0.51,3.42,-1.32
9/1/2000,20.877005,1.386,-0.327,0.086,-1.01,1.14,-0.24,-1.55,2,0.57,0.28,2.7,-0.83
10/1/2000,21.413445,1.215,1.676,0.029,-1.15,0.47,-0.35,-1.76,2.1,0.43,0.27,2.62,0.19
11/1/2000,21.124807,0.92,0.092,-0.128,-1.13,-0.47,-0.55,-1.25,2.2,0.27,0.31,1.84,0.33
12/1/2000,19.221655,1.194,0.648,-0.053,-1.08,-0.35,-0.73,-0.87,2.4,0.26,0.41,-0.3,1.01
1/1/2001,15.883197,0.963,0.8,0.031,-0.99,-0.52,-0.85,-1.4,1.8,0.07,0.45,-0.17,0.01
2/1/2001,13.584739,0.456,-0.672,0.163,-0.88,-0.38,-0.79,-1.55,3.1,-0.37,0.35,-0.3,1.71
3/1/2001,14.408591,0.605,0.121,0.1,-0.89,0.19,-0.61,-1.59,0.7,-0.34,0.54,-0.76,0.22
4/1/2001,14.947504,0.029,0.973,0.126,-0.68,-0.36,-0.33,-1.65,1.3,-0.31,0.52,-0.11,0.02
5/1/2001,16.25951,-0.733,1.194,0.256,-0.63,1.61,0.01,-0.88,-0.2,-0.23,0.79,0.25,-0.67
6/1/2001,18.222492,-0.47,-1.351,0.1,0.25,-0.91,0.28,-0.31,0.2,0.05,0.59,1.85,-1.74
7/1/2001,20.342052,-1.234,-1.356,-0.192,0.58,-2.11,0.45,-0.53,0.4,0.45,0.39,3.8,1.2
8/1/2001,20.897041,-0.686,-0.054,-0.104,0.54,-0.37,0.58,0.09,-0.3,0.41,0.24,4.09,0.66
9/1/2001,22.592569,-0.017,0.875,-0.103,0.41,1.62,0.71,0.52,0.5,0.35,0.19,3.77,-1.02
10/1/2001,22.257263,0.085,-1.54,-0.013,0.61,-0.61,1.01,0.27,-2,0.63,0.45,4.87,-2.05
11/1/2001,24.080765,-1.915,0.459,-0.067,1.18,-0.16,1.36,-0.4,-1,0.51,0.3,3.17,1.27
12/1/2001,20.782877,0.607,-3.413,0.16,1.06,-1.88,1.56,0.08,-1.2,0.54,0.7,0.79,-1.07
1/1/2002,16.381254,-0.757,-2.587,0.294,1.03,-1.8,1.5,0.83,-1.8,0.8,0.79,0,0.47
2/1/2002,15.002213,-0.775,-4.266,0.023,1.34,-2.69,1.22,0.82,-2.4,1.07,0.68,0.64,0.23
3/1/2002,14.354381,0.108,-0.432,0.458,1.28,-1.33,0.84,0.44,-1.1,1.27,0.89,1.85,1.83
4/1/2002,14.783544,0.377,-0.275,0.37,0.42,-0.93,0.35,0.78,2,1.4,0.68,4.04,0.88
5/1/2002,16.779924,1.021,-0.919,-0.03,-0.47,-1.33,-0.17,0.62,1.5,1.35,0.62,6.14,-2.5
6/1/2002,19.209635,2.071,-0.013,-0.14,-1.7,-0.52,-0.66,-0.22,0.6,1.11,0.85,7.32,-0.08
7/1/2002,22.17906,2.424,0.435,-0.001,-2.45,-0.39,-1.05,-1.05,3,1.01,0.6,5.94,-2.38
8/1/2002,22.288416,1.51,-0.117,-0.062,-2.45,-1.69,-1.35,-1.27,3,0.97,0.48,4.95,0.41
9/1/2002,23.479237,0.402,-0.865,-0.268,-2.41,-0.62,-1.56,-1.61,3.7,0.75,0.23,3.24,0.05
10/1/2002,23.655003,1.335,-0.467,-0.437,-2.21,-0.5,-1.64,-1.06,2.9,0.77,0.43,2.94,0.67
11/1/2002,21.259781,1.516,-0.376,-0.495,-2.08,-1.84,-1.64,-0.82,2.1,0.7,0.4,2.27,-0.33
12/1/2002,20.217411,0.205,-2.631,-0.212,-1.94,-1.8,-1.59,-1.21,4.8,0.96,0.41,0.1,-1.26
1/1/2003,15.240977,0.052,-1.683,0.192,-1.86,-1.53,-1.42,-0.92,3.8,0.97,0.45,-0.17,-1.37
2/1/2003,13.466284,1.074,1.575,0.242,-1.64,0.35,-1.19,-0.83,4.5,0.53,0.59,-0.28,-0.13
3/1/2003,13.50238,-0.296,1.424,0.367,-1.82,0.24,-0.93,-0.69,4.2,0.41,0.72,-0.85,-0.1
4/1/2003,13.622408,-0.87,2.275,0.154,-1.86,2.55,-0.73,-0.42,3.1,0.33,0.49,-0.75,-1.93
5/1/2003,15.595095,1.266,-0.035,-0.089,-1.35,-0.01,-0.55,-0.37,0.6,0.41,0.3,0,0.38
6/1/2003,17.854752,-0.099,-0.858,0.055,-1.13,-0.98,-0.44,-0.69,0.4,0.59,0.2,2.13,0.81
7/1/2003,21.642897,-1.384,-0.472,0.223,-0.87,-1.48,-0.48,-1.86,1.6,0.43,0.27,2.64,-0.27
8/1/2003,22.518988,-1.202,-1.063,0.344,-0.89,-1.85,-0.62,-1.74,0.7,0.49,0.2,3.53,-0.51
9/1/2003,23.235228,-1.25,0.665,0.202,-1.18,0.67,-0.83,-1.79,1.7,0.36,0.24,1.42,0.51
10/1/2003,22.975245,0.388,0.8,0.356,-1.43,0.94,-1.01,-1.34,1.2,0.44,0.28,1.65,1.06
11/1/2003,22.379147,-0.908,1.459,0.336,-1.33,1.3,-1.09,-2.33,1.8,0.21,-0.05,1.67,0.39
12/1/2003,19.589764,2.573,2.221,-0.128,-1.24,2.25,-1.04,-1.79,4.1,0.23,-0.48,-0.26,-0.39
1/1/2004,15.690849,1.583,-0.22,0.046,-1.12,0.86,-0.86,-1.38,1.8,0.16,-0.32,-0.16,-1.58
2/1/2004,14.862448,-0.283,-0.036,-0.078,-0.71,0.03,-0.72,-0.85,0.8,-0.02,-0.51,-0.14,1.01
3/1/2004,14.162875,0.275,1.037,0.026,-0.56,0.93,-0.59,-1.05,1.2,-0.26,-0.08,-0.5,0.82
4/1/2004,14.914669,0.666,-0.035,-0.271,-0.48,0.37,-0.47,-0.27,-0.4,-0.17,-0.33,0.44,-0.29
5/1/2004,15.78127,0.153,0.168,-0.37,-0.4,-0.79,-0.26,-1.26,0.1,0.09,-0.04,0.3,-1.66
6/1/2004,17.672237,-0.197,-0.672,0.001,-0.14,-2.25,-0.01,-0.87,-0.7,0.31,0.04,1.77,-1.39
7/1/2004,20.850498,1.259,0.168,0.546,0.37,-1.29,0.25,-1.52,-0.1,0.3,-0.03,2.88,0.58
8/1/2004,21.663343,0.489,0.014,0.652,0.03,-1.39,0.37,-1.93,-0.3,0.52,-0.08,4.44,-0.07
9/1/2004,22.426306,0.562,0.772,0.453,-0.27,-0.43,0.37,-2.21,0.4,0.72,0.02,4.72,0.69
10/1/2004,23.176556,-0.444,-1.514,0.11,-0.25,-1.73,0.27,-0.79,0.5,0.78,0.03,4.51,-2.53
11/1/2004,23.983435,-1.701,-0.111,-0.1,-0.17,-0.74,0.05,-0.59,0.4,0.75,0.03,3.89,-2.02
12/1/2004,20.513311,-0.764,-1.749,0.268,0,0.07,-0.21,-0.48,-1,0.55,0.18,0.17,-0.58
1/1/2005,15.840268,0.071,-0.61,-0.065,0,-0.11,-0.43,-0.13,-0.1,0.44,0.39,-0.14,0.07
2/1/2005,14.607757,0.716,-1.007,0.189,-0.04,-0.96,-0.43,-0.43,-0.4,0.4,0.25,-0.1,1.49
3/1/2005,14.499882,1.375,-3.185,0.083,-0.17,-2.09,-0.34,-0.63,2.5,0.7,0.26,-0.6,0.59
4/1/2005,15.379441,0.611,0.322,-0.297,-0.44,0.6,-0.3,-0.16,0.4,0.53,0.35,0.36,-1.86
5/1/2005,16.268206,0.36,0.494,-0.506,-0.87,0.58,-0.36,0.08,1.3,0.64,0.48,-0.38,-1.13
6/1/2005,18.342344,-0.271,0.549,-0.497,-1.11,0.83,-0.41,-0.78,2,0.32,0.28,0.6,-0.47
7/1/2005,22.141987,0.945,-0.011,-0.18,-0.79,0.7,-0.4,-1.25,1.3,0.34,0.23,0.34,-0.88
8/1/2005,23.03816,-1.561,0.154,-0.194,-0.46,1.12,-0.32,-1.04,0.3,0.56,0.25,3.73,-0.17
9/1/2005,24.142775,-1.658,-0.461,-0.31,-0.37,0.38,-0.26,-0.48,0.5,0.61,0.03,3.87,1.93
10/1/2005,23.620541,-0.458,0.263,-0.168,-0.2,-0.88,-0.18,-0.87,-0.1,0.66,0.04,4.32,-0.09
11/1/2005,24.348866,0.189,2.029,0.199,-0.16,0.81,-0.17,-0.11,1.2,0.32,-0.07,2.14,-0.04
12/1/2005,21.79059,0.061,1.475,0.141,-0.26,0.79,-0.27,-0.41,0.1,0.27,0.11,0.09,-2.01
1/1/2006,16.164133,-0.683,-0.969,-0.101,-0.49,-0.17,-0.42,0.3,2.4,0.13,0.11,-0.04,0.54
2/1/2006,14.535953,0.322,0.044,-0.089,-0.45,1.07,-0.46,0.38,0.1,-0.08,0.22,0.09,-1.37
3/1/2006,15.587804,0.467,1.206,-0.151,-0.19,0.44,-0.27,0.97,-1.5,-0.35,0.22,0.53,-0.43
4/1/2006,15.976748,0.614,0.972,-0.058,-0.24,0.19,0.04,1.13,1.3,-0.21,0.23,1.47,-1.36
5/1/2006,18.161572,-0.445,0.464,-0.092,-0.26,-0.8,0.21,1.8,0.9,-0.06,0.48,1.59,-0.85
6/1/2006,20.093105,0.841,-0.507,-0.028,-0.02,-0.67,0.16,0.82,0.3,-0.05,0.47,1.92,-0.3
7/1/2006,21.93445,0.247,-0.489,-0.363,0.39,0.21,0.05,0.7,-0.3,0.14,0.17,3.78,-1.63
8/1/2006,23.181408,-0.059,-0.371,-0.372,0.21,-2.28,0.07,0.67,-1.2,0.23,0.24,4.64,-0.77
9/1/2006,22.85368,-1.119,0.102,-0.145,-0.09,1.72,0.23,1.08,-1.2,0.51,0.26,4.95,-1.23
10/1/2006,24.305647,-0.039,-1.134,0.141,0.04,-0.87,0.49,1.49,-1,0.56,0.16,4.81,-0.32
11/1/2006,23.486973,-0.519,-0.53,0.01,0.3,0.58,0.64,1.72,-1.5,0.35,-0.32,2.88,0.13
12/1/2006,21.221298,1.322,0.413,0.046,0.32,1.63,0.66,2.51,-0.9,0.34,-0.12,0.17,-0.13
1/1/2007,16.984264,0.675,1.092,-0.1,0.17,1.57,0.55,2.45,-1.4,0.17,0.43,0.31,-0.22
2/1/2007,14.928843,1.217,1.043,-0.345,-0.04,1.05,0.47,2.3,0.4,0.11,0.42,0.08,-1.37
3/1/2007,14.902252,0.773,1.837,-0.241,0.06,1.12,0.53,2,-1.2,-0.11,0.23,-0.16,0.41
4/1/2007,16.202976,1.029,1.216,-0.008,0.52,0.64,0.7,1.44,-0.1,-0.24,0.36,2.3,1.23
5/1/2007,18.464449,0.416,0.763,0.24,1.22,0.19,0.93,1.2,-1.2,0.08,0.46,2.63,2.14
6/1/2007,19.67988,0.711,0.427,0.296,1.74,0.24,1.18,1.54,-0.9,-0.07,0.38,4.96,-0.03
7/1/2007,21.163004,1.678,-1.108,0.225,1.66,-3.14,1.52,1.84,-1.9,0.16,0.07,5.65,0.77
8/1/2007,22.184767,1.062,-0.689,0.567,1.85,-1.1,1.86,1.56,-2.4,0.43,-0.11,6.86,-1.5
9/1/2007,24.261457,0.542,-0.165,0.294,2.14,-0.49,2.16,1.94,-2.7,0.72,-0.04,8.8,-1.38
10/1/2007,24.944036,-0.17,-0.25,0.483,2.12,0.99,2.42,1.47,-2.8,0.93,0.28,9.14,-0.75
11/1/2007,23.255135,0.695,1.945,0.347,1.87,1.7,2.57,0.86,-0.8,0.49,0.37,7.35,0.77
12/1/2007,21.076365,-0.059,1.444,0.272,1.94,1.99,2.64,1.01,-0.9,0.42,0.7,4.99,0.56
1/1/2008,17.430531,1.392,-1.449,0.266,1.9,-0.37,2.48,1.53,-3.6,0.5,0.81,3.96,0.96
2/1/2008,14.554578,1.093,-0.024,-0.11,1.75,1.35,2.14,1.75,-3.2,0.45,0.59,1.41,1.61
3/1/2008,14.763451,2.038,0.28,-0.009,1.3,0.37,1.58,2.4,-0.1,0.39,0.6,4.04,-0.2
4/1/2008,16.421436,0.097,-1.051,0.146,1.23,0.26,0.94,2.62,-2,0.32,0.39,2.53,-0.26
5/1/2008,17.472925,0.012,-0.036,-0.113,1.15,-0.67,0.39,2.35,0.7,0.38,0.35,3.08,0.62
6/1/2008,17.596239,2.565,0.313,-0.443,0.16,-0.13,-0.07,2.03,1.1,0.39,0.68,5.47,-0.62
7/1/2008,20.642813,0.407,0.085,-0.758,-0.51,-1.72,-0.36,1.25,0.7,0.37,0.63,6.38,-1.42
8/1/2008,20.266603,-0.739,0.472,-0.444,-0.21,-2.24,-0.54,0.52,1.2,0.49,0.52,5.45,-0.37
9/1/2008,20.933949,2.333,0.781,-0.437,-0.28,0.74,-0.63,0.45,2,0.39,0.26,4.28,-1.75
10/1/2008,19.330368,-0.177,-1.917,-0.372,-0.47,0.96,-0.69,0.56,-0.4,0.55,0.46,5.94,0.54
11/1/2008,19.998171,-1.508,-0.611,-0.382,-0.3,-0.31,-0.67,1.88,-0.2,0.46,0.28,3.65,1.01
12/1/2008,17.005722,-0.711,1.786,-0.31,-0.16,0.35,-0.56,1.17,0.5,0.52,0.67,1.05,0.97
1/1/2009,14.829515,-0.982,0.942,-0.086,-0.23,0.05,-0.34,0.77,0.3,0.49,0.58,-0.03,0.55
2/1/2009,13.882403,-0.015,0.34,0.101,-0.25,0.69,-0.16,0.7,-0.1,0.23,0.09,0.43,-0.15
3/1/2009,13.20181,0.156,1.365,0.357,-0.47,0.37,0.05,0.74,1.5,0.13,0.29,0.63,-2.13
4/1/2009,14.076694,0.619,-0.089,0.499,-0.36,1.74,0.2,1.12,-0.3,0.47,0.4,1.77,-0.36
5/1/2009,15.393514,1.053,-0.73,0.536,-0.1,-1.72,0.3,0.88,0.4,0.58,0.47,1.83,0.68
6/1/2009,17.723196,0.546,0.402,0.424,-0.57,0.35,0.31,0.79,-0.7,0.6,0.57,1.76,-0.75
7/1/2009,20.492905,0.728,0.634,0.52,-0.86,1.28,0.14,0.1,1.3,0.6,0.35,4.92,0.46
8/1/2009,21.928263,0.764,0.15,0.349,-0.89,-1.53,-0.11,0.09,0.9,0.67,0.59,4.87,-1.38
9/1/2009,23.513226,1.296,-0.492,0.034,-0.84,-0.45,-0.38,0.32,1,0.52,0.27,3.67,-1.23
10/1/2009,23.983158,-0.568,0.69,0.016,-0.62,0.71,-0.65,0.05,1.5,0.45,0.42,3.13,0.7
11/1/2009,22.728928,0.771,-0.078,0.289,-0.54,-0.14,-0.84,0.15,1.5,0.53,0.2,2.73,0.7
12/1/2009,18.88242,0.984,-0.059,0.109,-0.68,0.73,-0.97,0.5,-0.2,0.54,0.17,0.17,0.33
1/1/2010,15.357929,1.275,-0.281,-0.2,-0.76,1.17,-0.92,0.7,1.8,0.28,0.62,-0.07,0.43
2/1/2010,14.191724,1.041,0.113,0.215,-0.75,1.34,-0.85,0.37,-0.8,-0.09,-0.01,-0.06,0.4
3/1/2010,14.260605,0.141,-0.941,-0.12,-0.92,-1.38,-0.7,-0.05,2.4,0.02,0.17,0.11,0.84
4/1/2010,14.259786,-1.166,0.544,-0.083,-1.35,1.2,-0.5,0.11,0.8,-0.17,0.28,0.92,-0.67
5/1/2010,15.754918,-0.077,1.18,0.122,-0.89,2.02,-0.22,0.11,0.6,-0.4,0.28,0.5,-0.19
6/1/2010,17.711399,-0.012,0.38,0.155,-0.61,1.41,-0.01,-0.04,-0.2,-0.48,0.46,0.92,-0.44
7/1/2010,20.427013,0.377,0.612,0.053,-0.34,1.42,0.09,0.11,0.4,-0.21,0.38,0.81,-0.81
8/1/2010,22.083279,-0.343,0.836,0.122,0.13,2.4,0.23,0.18,-0.5,0.01,0.41,2.65,-1.38
9/1/2010,22.636168,1.458,0.585,0.604,0.49,1.78,0.49,0.09,-1.5,0.33,0.36,5.28,-1.78
10/1/2010,24.195471,0.53,0.413,0.685,0.38,1.53,0.76,0.26,0.6,0.29,0.53,3.62,-1.14
11/1/2010,21.201824,0.991,-1.116,0.5,0.19,-0.25,0.9,-0.05,-0.1,-0.01,0.39,1.47,-0.61
12/1/2010,19.034317,0.93,0.11,0.309,0.13,0.48,0.81,0.52,1.7,-0.04,0.66,0.39,0.11
1/1/2011,14.591364,0.677,-0.713,0.387,0.04,0.18,0.75,0.66,-0.1,0.08,0.75,0.36,1.05
2/1/2011,14.783361,-0.5,1.149,0.416,0.46,-0.11,0.72,0.46,-2.3,0.14,0.68,0.59,2.09
3/1/2011,14.067586,0.745,2.116,0.224,0.71,0.89,0.71,0.37,-0.5,0.01,1.02,0.85,0.88
4/1/2011,14.569579,0.336,-0.255,0.258,0.29,0.36,0.66,1.07,0.2,-0.02,0.65,2.41,-1.3
5/1/2011,15.02071,0.335,-1.231,0.539,0.2,-2.38,0.54,1.03,-0.7,0.12,0.65,1.3,-0.63
6/1/2011,18.113661,1.465,-0.601,0.605,0.28,-0.79,0.45,1.09,-0.7,0.3,0.58,4.24,-1.92
7/1/2011,20.841158,-0.39,-0.89,0.597,0.2,-1.39,0.28,1.03,-0.6,0.37,0.5,5.99,-0.27
8/1/2011,21.343399,-1.08,-0.722,0.436,0.26,-1.62,0.14,0.38,-0.2,0.42,0.41,5.89,-2.19
9/1/2011,21.637522,0.563,0.306,0.893,0.13,-0.01,0.19,0.41,-1.9,0.57,0.48,5.35,0.86
10/1/2011,23.108803,-0.925,-0.082,0.964,0.22,-1.03,0.35,-0.45,-0.6,0.44,0.47,5.1,-0.81
11/1/2011,22.075609,-1.84,-1.193,0.835,0.44,0.16,0.51,0.15,-1.4,0.26,1.06,3.15,-0.12
12/1/2011,19.172455,-1.36,0.412,0.243,0.4,1.02,0.55,0.97,-0.9,0.25,1.06,1.05,0.74
1/1/2012,16.591425,-0.231,2.419,0.173,0.22,1.05,0.5,-0.23,0.3,0.25,1.28,0.33,0.69
2/1/2012,15.68934,0.275,3.417,0.054,0.13,0.98,0.48,-0.68,-0.1,0.5,0.84,0.56,1.46
3/1/2012,14.605784,1.426,2.641,0.019,0.09,0.66,0.4,-0.82,-0.2,0.73,0.66,1.3,1.29
4/1/2012,15.069435,-0.475,0.928,-0.011,-0.14,-1.26,0.19,-0.57,0.3,0.62,0.72,2.63,-1.34
5/1/2012,16.755665,0.577,-0.027,0.298,-0.36,-0.33,-0.08,0.09,0.7,0.52,0.88,2.88,0.12
6/1/2012,19.03878,1.071,-0.122,0.454,-0.87,0.16,-0.3,-0.08,-0.6,0.72,0.6,4.38,-1.25
7/1/2012,20.841925,-0.546,-0.412,0.32,-0.88,-1.19,-0.41,-0.38,0.7,0.65,0.55,5.98,-0.54
8/1/2012,20.896738,-0.72,-0.381,-0.183,-0.94,0.03,-0.57,-0.28,1.8,0.59,0.5,5.79,-0.21
9/1/2012,23.246193,0.194,0.631,-0.19,-1.21,1.11,-0.89,-0.7,1.5,0.52,0.24,3.53,-2.44
10/1/2012,24.081245,1.264,-0.072,0.074,-1.19,-0.2,-1.17,-0.69,0.8,0.61,0.39,4.49,-1.18
11/1/2012,23.080519,0.813,2.086,0.02,-1.14,2.54,-1.27,-1.12,1.1,0.39,0.12,2.34,0.72
12/1/2012,19.929077,1.481,-1.736,0.03,-1.16,-0.37,-1.19,-0.9,3,0.46,-0.11,0.15,0.99
1/1/2013,16.023752,1.045,-2.484,0.051,-1.18,-1.8,-1.05,-0.16,3.2,0.52,0.21,-0.17,2.45
2/1/2013,14.463332,1.344,-1.191,0.243,-0.93,-0.29,-0.93,-0.54,2.5,0.41,-0.06,-0.3,0.76
3/1/2013,14.313609,0.086,2.109,0.266,-0.81,0.36,-0.84,-1.17,0.6,0.14,0.14,-0.54,2.05
4/1/2013,14.28602,0.827,-0.204,0.25,-1.04,-1.69,-0.66,-0.91,0.6,0.32,0.37,-0.39,-0.12
5/1/2013,17.007896,0.314,-0.161,0.009,-1.16,-1.1,-0.48,-0.94,0.8,0.24,0.76,0.26,0.18
6/1/2013,18.420168,1.179,0.845,-0.002,-1.29,1.08,-0.38,-1.18,0.7,0.14,0.89,0.55,-0.82
7/1/2013,20.694025,-0.46,0.63,-0.228,-1.53,0.06,-0.4,-1.87,2.3,0.25,1.11,1.64,-0.44
8/1/2013,22.245834,-0.227,-0.209,-0.099,-1.35,-0.49,-0.49,-1.12,1,0.26,0.92,3.83,-1.94
9/1/2013,22.275072,1.336,-0.252,-0.058,-1.45,-0.06,-0.67,-1.53,1.3,0.54,0.58,4.73,-0.65
10/1/2013,22.517807,0.453,-0.146,-0.091,-1.5,-1.98,-0.81,-2.55,1.2,0.46,0.65,4.35,1.74
11/1/2013,21.253422,1.321,0.093,0.069,-1.43,-0.33,-0.98,-2.52,1.6,0.42,0.5,2.3,-0.15
12/1/2013,18.313387,2.155,0.198,-0.12,-1.19,0.18,-0.98,-2,2.5,0.46,0.26,0.33,0.48
1/1/2014,15.228511,0.825,0.848,-0.056,-1.06,0.74,-0.97,-1.24,0.8,0.61,0.47,0.16,-1.44
2/1/2014,14.045361,0.643,1.544,-0.083,-0.96,1.46,-0.93,-1.08,1.8,0.57,0.73,0.03,-0.39
3/1/2014,13.553978,0.558,0.305,-0.093,-1.28,0.4,-0.99,-1,2.9,0.08,0.57,-0.13,0.58
4/1/2014,14.595978,0.532,-0.603,-0.068,-1.76,-0.54,-1.06,-1.51,2.8,0.04,0.46,-0.04,0.31
5/1/2014,15.42497,0.096,1.224,-0.122,-1.88,0.71,-0.99,-1.92,2.4,0.34,0.36,0.2,-1.38
6/1/2014,17.516571,-0.871,-0.074,-0.335,-2.07,0.19,-0.85,-1.21,2.8,0.48,0.61,1.32,-1.66
7/1/2014,19.404041,0.447,0.025,-0.195,-2.1,-0.06,-0.81,-1.87,1.3,0.32,0.34,1.89,-0.52
8/1/2014,20.741579,0.731,-0.17,-0.246,-1.79,1.76,-0.91,-1.12,1.7,0.47,0.38,4.12,-0.41
9/1/2014,21.186729,1.469,-0.655,-0.322,-1.76,-1.42,-1.01,-1.53,2.7,0.62,0.35,4.31,1.82
10/1/2014,20.710066,0.33,1.346,-0.691,-1.71,-0.27,-0.99,-2.55,2.8,0.5,0.52,4.74,1.04
11/1/2014,20.660183,1.713,0.339,-0.269,-1.48,0.59,-0.92,-2.52,0.5,0.33,0.51,1.71,0.34
12/1/2014,18.157827,1.7,-2.719,-0.092,-1.25,-0.22,-0.82,-2,3.5,0.47,0.6,-0.01,-0.02
